Organization,Followed On
IGT Solutions,Fri Feb 09 07:48:19 UTC 2024
ParamInfo,Thu Feb 08 12:34:35 UTC 2024
tCognition,Thu Feb 08 03:11:01 UTC 2024
Lodus,Wed Feb 07 08:32:31 UTC 2024
HyrEzy Talent Solutions LLP,Wed Feb 07 08:08:44 UTC 2024
Info Origin Inc.,Wed Feb 07 07:59:01 UTC 2024
RandomTrees,Wed Feb 07 07:55:04 UTC 2024
Sol-Millennium Medical Group,Wed Feb 07 07:40:42 UTC 2024
Array,Mon Feb 05 07:19:22 UTC 2024
Mercor,Sun Feb 04 01:47:03 UTC 2024
Sequoia Capital,Sun Feb 04 01:46:06 UTC 2024
Allbound,Tue Jan 30 13:45:39 UTC 2024
Pixii,Tue Jan 30 13:34:48 UTC 2024
Andor Tech,Tue Jan 30 12:17:34 UTC 2024
Insight Global,Tue Jan 30 12:07:10 UTC 2024
OTEX,Tue Jan 30 12:02:15 UTC 2024
WiseAnalytics.io,Thu Jan 18 07:48:13 UTC 2024
hushh.ai,Wed Jan 17 16:43:03 UTC 2024
Sustainability Economics News,Tue Nov 21 12:02:52 UTC 2023
Reflex,Wed Sep 13 11:19:49 UTC 2023
Twinr,Tue Jul 11 16:20:56 UTC 2023
ClearML,Tue Jul 11 14:40:54 UTC 2023
Workplace Options,Tue Jul 11 14:38:47 UTC 2023
Indian VR Apps,Tue Jul 11 08:47:59 UTC 2023
Neogen Care,Mon Jul 10 18:29:57 UTC 2023
BuzzBoard,Mon Jul 10 18:20:38 UTC 2023
"Deque Systems, Inc",Mon Jul 10 17:48:45 UTC 2023
adaptive & co,Mon Jul 10 17:48:13 UTC 2023
First Connect Solutions,Mon Jul 10 17:34:38 UTC 2023
Glider AI,Mon Jul 10 11:13:15 UTC 2023
edusquare,Sun Jul 09 08:53:29 UTC 2023
Nielsen,Fri Jul 07 12:16:37 UTC 2023
Tide,Thu Jul 06 15:37:05 UTC 2023
IHX,Thu Jul 06 06:47:38 UTC 2023
Lucid Growth,Wed Jul 05 17:01:00 UTC 2023
ExamRoom.AIÂ®,Wed Jul 05 08:14:59 UTC 2023
ValueLabs,Wed Jul 05 07:32:49 UTC 2023
Adappt Intelligence,Mon Jul 03 13:16:05 UTC 2023
Basal Analytics,Mon Jul 03 08:56:51 UTC 2023
Cabptoid Solutions,Sun Jul 02 07:13:08 UTC 2023
The Hub,Fri Jun 30 10:36:23 UTC 2023
NextHire,Thu Jun 29 14:30:11 UTC 2023
Snapmint,Thu Jun 29 13:52:47 UTC 2023
Kapture CX,Thu Jun 29 13:52:15 UTC 2023
Eligiblee,Thu Jun 29 13:20:19 UTC 2023
The Scalers ðŸš€,Thu Jun 29 09:51:53 UTC 2023
Remota,Thu Jun 29 08:17:52 UTC 2023
Bento Labs,Thu Jun 29 08:16:33 UTC 2023
Delhivery,Thu Jun 29 06:53:38 UTC 2023
HQ,Wed Jun 28 17:09:36 UTC 2023
InterQuest Group,Wed Jun 28 17:00:44 UTC 2023
Valiance Solutions,Wed Jun 28 16:28:49 UTC 2023
Adeptmind,Wed Jun 28 16:25:22 UTC 2023
iRely,Wed Jun 28 14:30:13 UTC 2023
Rystad Energy,Wed Jun 28 12:45:53 UTC 2023
SociÃ©tÃ© GÃ©nÃ©rale,Wed Jun 28 12:44:31 UTC 2023
Recykal.com,Wed Jun 28 12:40:38 UTC 2023
TALENT Software Services,Wed Jun 28 12:36:57 UTC 2023
AIM-Recruits,Wed Jun 28 06:59:01 UTC 2023
Jivaso,Tue Jun 27 15:55:48 UTC 2023
Kanerika Inc,Tue Jun 27 11:59:26 UTC 2023
Forbes Advisor,Tue Jun 27 11:28:48 UTC 2023
System Soft Technologies,Tue Jun 27 10:16:06 UTC 2023
Kotak811,Tue Jun 27 10:15:28 UTC 2023
JobX Robot ,Tue Jun 27 06:48:02 UTC 2023
PAGO Analytics,Tue Jun 27 06:47:24 UTC 2023
Global Squirrels,Mon Jun 26 11:45:45 UTC 2023
Hashout Technologies,Mon Jun 26 11:28:39 UTC 2023
Zenex Partners,Mon Jun 26 03:05:03 UTC 2023
Sustainability Economics,Mon Jun 26 03:03:21 UTC 2023
THINKIN,Mon Jun 26 03:00:05 UTC 2023
Tyson Foods India,Sun Jun 25 06:23:52 UTC 2023
ParamPay,Sun Jun 25 02:07:50 UTC 2023
Futurense Technologies,Sun Jun 25 02:07:25 UTC 2023
Consult Red,Sat Jun 24 17:01:08 UTC 2023
Esync Technologies,Sat Jun 24 15:38:36 UTC 2023
TSAROLABS,Sat Jun 24 15:38:28 UTC 2023
AtisfyReach,Sat Jun 24 08:40:19 UTC 2023
ZeroCodeHR,Fri Jun 23 14:39:26 UTC 2023
Upshot.ai,Fri Jun 23 14:39:05 UTC 2023
Loyalty Juggernaut,Fri Jun 23 14:28:02 UTC 2023
Stader Labs,Fri Jun 23 07:08:48 UTC 2023
Screatives Software Services Pvt. Ltd.,Thu Jun 22 04:19:57 UTC 2023
Pods Studio,Wed Jun 21 08:18:19 UTC 2023
Avestan Technologies LLC,Wed Jun 21 07:10:26 UTC 2023
ResMed,Wed Jun 21 06:27:28 UTC 2023
DemandHelm,Wed Jun 21 05:28:17 UTC 2023
Thanks Buddy,Tue Jun 20 21:52:51 UTC 2023
Lamarr,Tue Jun 20 17:02:06 UTC 2023
Qurinom Solutions,Tue Jun 20 16:09:54 UTC 2023
Continental,Tue Jun 20 14:15:32 UTC 2023
KPIT,Tue Jun 20 10:13:28 UTC 2023
Neetable,Tue Jun 20 10:09:03 UTC 2023
Compile,Tue Jun 20 08:56:58 UTC 2023
Space Multimedia,Mon Jun 19 14:58:13 UTC 2023
Configit,Mon Jun 19 14:55:54 UTC 2023
MongoDB,Sat Jun 17 09:19:07 UTC 2023
hera,Fri Jun 16 15:04:43 UTC 2023
Gravity Infosolutions,Fri Jun 16 13:41:19 UTC 2023
Alignity,Fri Jun 16 11:17:00 UTC 2023
Simplify Healthcare,Fri Jun 16 10:55:07 UTC 2023
BLJ Tech Geeks,Fri Jun 16 07:35:08 UTC 2023
UltraGenius,Fri Jun 16 07:06:18 UTC 2023
Obviously AI,Fri Jun 16 02:53:31 UTC 2023
Qualcomm,Thu Jun 15 15:37:54 UTC 2023
IAC,Thu Jun 15 12:11:29 UTC 2023
TechMash Software Solutions,Thu Jun 15 09:30:03 UTC 2023
Guardians Infotech,Thu Jun 15 09:29:38 UTC 2023
Airbnb,Thu Jun 15 09:29:25 UTC 2023
FedEx,Thu Jun 15 04:10:41 UTC 2023
Atyeti Inc,Wed Jun 14 12:32:42 UTC 2023
Teksands.ai,Wed Jun 14 08:35:00 UTC 2023
Skan,Tue Jun 13 18:20:01 UTC 2023
EOSGlobe,Tue Jun 13 09:29:16 UTC 2023
GTM Buddy,Tue Jun 13 09:29:00 UTC 2023
Asper.ai,Tue Jun 13 07:11:47 UTC 2023
Letsema,Mon Jun 12 16:56:10 UTC 2023
ITRadiant,Mon Jun 12 10:16:39 UTC 2023
AT&T,Mon Jun 12 10:15:25 UTC 2023
CodeVyasa ,Mon Jun 12 09:55:17 UTC 2023
Annalect India,Mon Jun 12 06:31:35 UTC 2023
ZET (Previously OneCode),Mon Jun 12 06:29:20 UTC 2023
noon,Mon Jun 12 06:28:15 UTC 2023
HighIQ.ai,Mon Jun 12 06:25:20 UTC 2023
Zeta,Mon Jun 12 06:24:55 UTC 2023
Getronics,Sun Jun 11 04:02:07 UTC 2023
AllianceBernstein,Thu Jun 08 10:37:11 UTC 2023
slice,Thu Jun 08 09:49:04 UTC 2023
Growth Assist,Thu Jun 08 08:38:46 UTC 2023
CareerPartner,Thu Jun 08 08:27:53 UTC 2023
3eco Systems Pvt Ltd,Thu Jun 08 08:06:10 UTC 2023
Finsights,Wed Jun 07 14:11:58 UTC 2023
NEOTECH Solutions,Wed Jun 07 09:30:00 UTC 2023
Teamware Solutions a division of Quantum Leap Consulting Pvt. Ltd,Wed Jun 07 06:00:44 UTC 2023
IntouchCX,Wed Jun 07 02:52:33 UTC 2023
The Media Ant,Tue Jun 06 07:11:26 UTC 2023
Deloitte,Tue Jun 06 06:26:46 UTC 2023
Gleecus TechLabs Inc.,Tue Jun 06 06:07:46 UTC 2023
Headrun,Tue Jun 06 06:06:26 UTC 2023
Paytm,Tue Jun 06 04:30:03 UTC 2023
GreenSwapp,Mon Jun 05 16:45:35 UTC 2023
GAC DIGITAL,Mon Jun 05 14:43:58 UTC 2023
Societe Generale Global Solution Centre,Mon Jun 05 05:23:55 UTC 2023
Acuity Knowledge Partners,Sun Jun 04 15:14:31 UTC 2023
NielsenIQ,Sun Jun 04 06:41:17 UTC 2023
MTE,Sat Jun 03 11:13:54 UTC 2023
Appinventiv,Sat Jun 03 08:13:54 UTC 2023
Tech Active,Fri Jun 02 10:33:58 UTC 2023
Purple Drive Technologies,Fri Jun 02 09:06:16 UTC 2023
Tech Mahindra,Fri Jun 02 06:31:41 UTC 2023
Niyo Solutions Inc.,Fri Jun 02 06:29:03 UTC 2023
Infiheal,Thu Jun 01 11:14:48 UTC 2023
Onx Homes,Tue May 30 13:57:33 UTC 2023
Kaplan,Tue May 30 09:37:57 UTC 2023
Azympto,Tue May 30 07:27:15 UTC 2023
TransUnion,Tue May 30 07:08:20 UTC 2023
Innodeed Systems Private Limited,Mon May 29 13:55:12 UTC 2023
Algoscale,Mon May 29 13:41:38 UTC 2023
Better,Mon May 29 13:35:43 UTC 2023
Flexi Analyst,Mon May 29 02:43:17 UTC 2023
Tarmack,Sat May 27 05:25:00 UTC 2023
Cricbuzz.com,Fri May 26 05:53:54 UTC 2023
VMax Wellness,Thu May 25 07:31:30 UTC 2023
SpotDraft,Tue May 23 14:48:22 UTC 2023
Msarii,Tue May 23 13:13:21 UTC 2023
Blu Ocean Innovations pvt ltd,Mon May 22 14:48:06 UTC 2023
Zien,Mon May 22 10:00:00 UTC 2023
Kenko Health,Sun May 21 14:56:47 UTC 2023
Signeasy,Fri May 19 13:48:24 UTC 2023
Tummoc,Fri May 19 07:04:33 UTC 2023
nurture.farm,Fri May 19 06:38:10 UTC 2023
mCaffeine,Thu May 18 03:21:14 UTC 2023
Kuvera.in,Wed May 17 09:48:19 UTC 2023
CareerXperts Consulting ,Wed May 17 06:04:40 UTC 2023
TechnoMigrate,Tue May 16 17:18:17 UTC 2023
Bik,Mon May 15 09:00:37 UTC 2023
Wooqer,Mon May 15 08:51:05 UTC 2023
Taktime,Thu May 11 15:50:05 UTC 2023
Zaggle,Thu May 11 13:55:44 UTC 2023
Precision Industrial Fasteners,Thu May 11 13:24:58 UTC 2023
Axelor,Wed May 03 15:25:26 UTC 2023
Kognosdata,Wed May 03 11:46:52 UTC 2023
L&T Technology Services,Wed May 03 11:46:51 UTC 2023
YOMA Business Solutions,Wed May 03 11:46:53 UTC 2023
Actowiz Solutions,Mon Apr 24 09:29:51 UTC 2023
Pentagon Space,Mon Apr 24 09:25:17 UTC 2023
VZhiring,Sun Apr 23 14:46:02 UTC 2023
WIN Home Inspection,Sun Apr 23 14:45:27 UTC 2023
trg.recruitment,Sat Apr 22 20:22:28 UTC 2023
Bonatra,Fri Apr 21 10:12:58 UTC 2023
Packt,Fri Apr 21 10:11:25 UTC 2023
Advanced,Fri Apr 21 07:29:52 UTC 2023
Quest Global Technologies Ltd,Fri Apr 21 07:21:17 UTC 2023
Wipro,Fri Apr 21 07:20:24 UTC 2023
albanero,Fri Apr 21 07:19:24 UTC 2023
OvalEdge,Thu Apr 20 11:04:44 UTC 2023
TalentXO,Thu Apr 20 11:01:13 UTC 2023
Cleantech Solar,Thu Apr 20 10:58:50 UTC 2023
CloudBerry360,Thu Apr 20 10:56:15 UTC 2023
Railofy ,Thu Apr 20 10:55:21 UTC 2023
CAW Studios,Thu Apr 20 10:17:53 UTC 2023
Gloify,Thu Apr 20 08:18:12 UTC 2023
ByteLearn.com,Thu Apr 20 05:45:56 UTC 2023
Leegality,Wed Apr 19 15:24:47 UTC 2023
Kennect Inc.,Wed Apr 19 14:59:11 UTC 2023
Luxoft,Tue Apr 18 15:43:47 UTC 2023
SignalX.ai,Mon Apr 17 16:44:56 UTC 2023
Alexander Technology Group,Mon Apr 17 16:43:48 UTC 2023
Okay Developers,Thu Apr 13 15:58:44 UTC 2023
BlockCod,Thu Apr 13 15:38:58 UTC 2023
MEDPICK,Thu Apr 13 15:11:14 UTC 2023
KloudPortal â„¢ - SaaS | Product Marketing,Thu Apr 13 11:47:26 UTC 2023
Feuji Inc,Thu Apr 13 08:43:11 UTC 2023
HCLTech,Thu Apr 13 08:18:47 UTC 2023
Applicantz,Thu Apr 13 08:16:23 UTC 2023
Target,Thu Apr 13 07:04:23 UTC 2023
Everest Fleet Pvt. Ltd.,Thu Apr 13 07:03:42 UTC 2023
Polynomial.AI,Thu Apr 13 07:02:52 UTC 2023
DataStax,Wed Apr 12 20:32:53 UTC 2023
Svennis Cloud Solutions,Wed Apr 12 20:26:19 UTC 2023
Cuemath,Wed Apr 12 12:51:36 UTC 2023
LTIMindtree,Wed Apr 12 09:00:41 UTC 2023
Virtusa,Wed Apr 12 08:56:53 UTC 2023
Indium Software,Wed Apr 12 08:43:58 UTC 2023
AvenDATA,Wed Apr 12 07:02:18 UTC 2023
Replicon,Wed Apr 12 06:51:11 UTC 2023
Hirextra -World's First Staffing Aggregator,Wed Apr 12 06:48:57 UTC 2023
Proem Sports,Tue Apr 11 16:46:01 UTC 2023
CES,Tue Apr 11 13:53:05 UTC 2023
Infiniti Research Ltd.,Tue Apr 11 13:52:20 UTC 2023
Beem,Tue Apr 11 07:02:14 UTC 2023
Gmware,Mon Apr 10 13:49:27 UTC 2023
Murf AI,Mon Apr 10 13:46:31 UTC 2023
EPAM Anywhere,Mon Apr 10 13:27:28 UTC 2023
Mooving,Mon Apr 10 12:56:40 UTC 2023
ImageKit.io,Mon Apr 10 08:59:33 UTC 2023
Lolly.com,Mon Apr 10 08:13:29 UTC 2023
Ascendeum,Thu Apr 06 16:05:25 UTC 2023
Vamstar,Thu Aug 25 02:39:19 UTC 2022
Nagarro,Fri May 12 01:10:28 UTC 2023
Axelor PVT LTD,Thu Apr 13 15:21:46 UTC 2023
Cron Labs ,Mon Jun 05 05:17:20 UTC 2023
webdew,Mon Apr 10 18:33:12 UTC 2023
PropertyLoop,Wed Apr 12 17:55:10 UTC 2023
Zensar Technologies,Tue Jun 13 07:37:36 UTC 2023
Talent500,Thu Jul 06 06:48:01 UTC 2023
Tata Consultancy Services,Mon Apr 10 13:28:26 UTC 2023
OptimHire,Tue Apr 11 14:40:18 UTC 2023
"Spiralogics, Inc.",Thu Jun 08 05:08:50 UTC 2023
Programmers.io,Wed Apr 12 13:39:31 UTC 2023
Crossover ,Wed Apr 05 19:24:16 UTC 2023
LogicMonitor,Mon Jun 05 14:11:05 UTC 2023
Infosys,Thu May 18 07:56:36 UTC 2023
Stealth Startup,Thu Feb 08 03:39:23 UTC 2024
Forbes,Mon Jun 08 17:06:33 UTC 2020
Amazon Web Services (AWS),Mon Jun 08 17:06:20 UTC 2020
Internshala,Wed Jun 07 08:09:55 UTC 2023
Microsoft,Fri May 15 08:32:10 UTC 2020
Amazon,Wed Sep 07 10:32:24 UTC 2022